{"cameraMode":{"drawMode":0,"name":"Shaded","section":"Shading Mode"},"sceneLighting":false,"audioPlay":false,"sceneViewState":{"m_AlwaysRefresh":true,"showFog":true,"showSkybox":false,"showFlares":true,"showImageEffects":true,"showParticleSystems":true,"showVisualEffectGraphs":true,"m_FxEnabled":true},"in2DMode":false,"pivot":{"x":0.22850489616394044,"y":0.4308464527130127,"z":-0.6285287141799927},"rotation":{"x":-0.10504147410392761,"y":0.7109732627868652,"z":-0.10882401466369629,"w":-0.6869935393333435},"size":1.1660256385803223,"orthographic":false}