{"cameraMode":{"drawMode":0,"name":"Shaded","section":"Shading Mode"},"sceneLighting":false,"audioPlay":false,"sceneViewState":{"m_AlwaysRefresh":true,"showFog":true,"showSkybox":false,"showFlares":true,"showImageEffects":true,"showParticleSystems":true,"showVisualEffectGraphs":true,"m_FxEnabled":true},"in2DMode":false,"pivot":{"x":3.2782554626464846e-7,"y":0.3260149657726288,"z":-0.05866660177707672},"rotation":{"x":-0.1226881593465805,"y":0.01815595105290413,"z":-0.0023371728602796795,"w":-0.9924492835998535},"size":0.8660253882408142,"orthographic":false}